1,comme
2,je
3,son
4,que
5,il
6,était
7,pour
8,sur
9,sont
10,avec
11,ils
12,être
13,à
14,un
15,avoir
16,ce
17,à partir de
18,par
19,chaud
20,mot
21,mais
22,que
23,certains
24,est
25,il
26,vous
27,ou
28,eu
29,la
30,de
31,à
32,et
33,un
34,dans
35,nous
36,boîte
37,dehors
38,autre
39,étaient
40,qui
41,faire
42,leur
43,temps
44,si
45,volonté
46,comment
47,dit
48,un
49,chaque
50,dire
51,ne
52,ensemble
53,trois
54,vouloir
55,air
56,bien
57,aussi
58,jouer
59,petit
60,fin
61,mettre
62,maison
63,lire
64,main
65,port
66,grand
67,épeler
68,ajouter
69,même
70,terre
71,ici
72,il faut
73,grand
74,haut
75,tel
76,suivre
77,acte
78,pourquoi
79,interroger
80,hommes
81,changement
82,est allé
83,lumière
84,genre
85,de
86,besoin
87,maison
88,image
89,essayer
90,nous
91,encore
92,animal
93,point
94,mère
95,monde
96,près de
97,construire
98,soi
99,terre
100,père
101,tout
102,nouveau
103,travail
104,partie
105,prendre
106,obtenir
107,lieu
108,fabriqué
109,vivre
110,où
111,après
112,arrière
113,peu
114,seulement
115,tour
116,homme
117,année
118,est venu
119,montrer
120,tous
121,bon
122,moi
123,donner
124,notre
125,sous
126,nom
127,très
128,par
129,juste
130,forme
131,phrase
132,grand
133,penser
134,dire
135,aider
136,faible
137,ligne
138,différer
139,tour
140,la cause
141,beaucoup
142,signifier
143,avant
144,déménagement
145,droit
146,garçon
147,vieux
148,trop
149,même
150,elle
151,tous
152,là
153,quand
154,jusqu’à
155,utiliser
156,votre
157,manière
158,sur
159,beaucoup
160,puis
161,les
162,écrire
163,voudrais
164,comme
165,si
166,ces
167,son
168,long
169,faire
170,chose
171,voir
172,lui
173,deux
174,a
175,regarder
176,plus
177,jour
178,pourrait
179,aller
180,venir
181,fait
182,nombre
183,son
184,aucun
185,plus
186,personnes
187,ma
188,sur
189,savoir
190,eau
191,que
192,appel
193,première
194,qui
195,peut
196,vers le bas
197,côté
198,été
199,maintenant
200,trouver
201,tête
202,supporter
203,propre
204,page
205,devrait
206,pays
207,trouvé
208,réponse
209,école
210,croître
211,étude
212,encore
213,apprendre
214,usine
215,couvercle
216,nourriture
217,soleil
218,quatre
219,entre
220,état
221,garder
222,œil
223,jamais
224,dernier
225,laisser
226,pensée
227,ville
228,arbre
229,traverser
230,ferme
231,dur
232,début
233,puissance
234,histoire
235,scie
236,loin
237,mer
238,tirer
239,gauche
240,tard
241,courir
242,needs a context
243,tandis que
244,presse
245,proche
246,nuit
247,réel
248,vie
249,peu
250,nord
251,livre
252,porter
253,a pris
254,science
255,manger
256,chambre
257,ami
258,a commencé
259,idée
260,poisson
261,montagne
262,Arrêtez
263,une fois
264,base
265,entendre
266,cheval
267,coupe
268,sûr
269,regarder
270,couleur
271,face
272,bois
273,principal
274,ouvert
275,paraître
276,ensemble
277,suivant
278,blanc
279,enfants
280,commencer
281,eu
282,marcher
283,exemple
284,facilité
285,papier
286,groupe
287,toujours
288,musique
289,ceux
290,tous les deux
291,marque
292,souvent
293,lettre
294,jusqu’à ce que
295,mile
296,rivière
297,voiture
298,pieds
299,soins
300,deuxième
301,assez
302,plaine
303,fille
304,habituel
305,jeune
306,prêt
307,au-dessus
308,jamais
309,rouge
310,liste
311,bien que
312,sentir
313,parler
314,oiseau
315,bientôt
316,corps
317,chien
318,famille
319,direct
320,pose
321,laisser
322,chanson
323,mesurer
324,porte
325,produit
326,noir
327,court
328,chiffre
329,classe
330,vent
331,question
332,arriver
333,complète
334,navire
335,zone
336,moitié
337,rock
338,ordre
339,feu
340,sud
341,problème
342,pièce
343,dit
344,savait
345,passer
346,depuis
347,haut
348,ensemble
349,roi
350,rue
351,pouce
352,multiplier
353,rien
354,cours
355,rester
356,roue
357,plein
358,force
359,bleu
360,objet
361,décider
362,surface
363,profond
364,lune
365,île
366,pied
367,système
368,occupé
369,test
370,record
371,bateau
372,commun
373,or
374,possible
375,plan
376,place
377,sec
378,se demander
379,rire
380,mille
381,il ya
382,ran
383,vérifier
384,jeu
385,forme
386,assimiler
387,chaud
388,manquer
389,apporté
390,chaleur
391,neige
392,pneu
393,apporter
394,oui
395,lointain
396,remplir
397,est
398,peindre
399,langue
400,entre
401,unité
402,puissance
403,ville
404,fin
405,certain
406,voler
407,tomber
408,conduire
409,cri
410,sombre
411,machine
412,Note
413,patienter
414,plan
415,figure
416,étoile
417,boîte
418,nom
419,domaine
420,reste
421,correct
422,capable
423,livre
424,Terminé
425,beauté
426,entraînement
427,résisté
428,contenir
429,avant
430,enseigner
431,semaine
432,finale
433,donné
434,vert
435,oh
436,rapide
437,développer
438,océan
439,chaud
440,gratuit
441,minute
442,fort
443,spécial
444,esprit
445,derrière
446,clair
447,queue
448,produire
449,fait
450,espace
451,entendu
452,meilleur
453,heure
454,mieux
455,vrai
456,pendant
457,cent
458,cinq
459,rappeler
460,étape
461,tôt
462,tenir
463,ouest
464,sol
465,intérêt
466,atteindre
467,rapide
468,verbe
469,chanter
470,écouter
471,six
472,table
473,Voyage
474,moins
475,matin
476,dix
477,simple
478,plusieurs
479,voyelle
480,vers
481,guerre
482,poser
483,contre
484,modèle
485,lent
486,centre
487,amour
488,personne
489,argent
490,servir
491,apparaître
492,route
493,carte
494,pluie
495,règle
496,gouverner
497,tirer
498,froid
499,avis
500,voix
501,énergie
502,chasse
503,probable
504,lit
505,frère
506,œuf
507,tour
508,cellule
509,croire
510,peut-être
511,choisir
512,soudain
513,compter
514,carré
515,raison
516,longueur
517,représenter
518,art
519,sujet
520,région
521,taille
522,varier
523,régler
524,parler
525,poids
526,général
527,glace
528,question
529,cercle
530,paire
531,inclure
532,fracture
533,syllabe
534,feutre
535,grandiose
536,balle
537,encore
538,vague
539,tomber
540,cœur
541,h
542,présent
543,lourd
544,danse
545,moteur
546,position
547,bras
548,large
549,voile
550,matériel
551,fraction
552,forêt
553,s’asseoir
554,course
555,fenêtre
556,magasin
557,été
558,train
559,sommeil
560,prouver
561,seul
562,jambe
563,exercice
564,mur
565,capture
566,monture
567,souhaiter
568,ciel
569,conseil
570,joie
571,hiver
572,sat
573,écrit
574,sauvage
575,instrument
576,conservé
577,verre
578,herbe
579,vache
580,emploi
581,bord
582,signe
583,visite
584,passé
585,doux
586,amusement
587,clair
588,gaz
589,temps
590,mois
591,million
592,porter
593,finition
594,heureux
595,espoir
596,fleur
597,vêtir
598,étrange
599,disparu
600,commerce
601,mélodie
602,voyage
603,bureau
604,recevoir
605,rangée
606,bouche
607,exact
608,symbole
609,mourir
610,moins
611,difficulté
612,cri
613,sauf
614,écrit
615,semence
616,ton
617,joindre
618,suggérer
619,propre
620,pause
621,dame
622,cour
623,augmenter
624,mauvais
625,coup
626,huile
627,sang
628,toucher
629,a augmenté
630,cent
631,mélanger
632,équipe
633,fil
634,coût
635,perdu
636,brun
637,porter
638,jardin
639,égal
640,expédié
641,choisir
642,est tombé
643,s’adapter
644,débit
645,juste
646,banque
647,recueillir
648,sauver
649,contrôle
650,décimal
651,oreille
652,autre
653,tout à fait
654,cassé
655,cas
656,milieu
657,tuer
658,fils
659,lac
660,moment
661,échelle
662,fort
663,printemps
664,observer
665,enfant
666,droit
667,consonne
668,nation
669,dictionnaire
670,lait
671,vitesse
672,méthode
673,organe
674,payer
675,âge
676,section
677,robe
678,nuage
679,surprise
680,calme
681,pierre
682,minuscule
683,montée
684,frais
685,conception
686,pauvres
687,lot
688,expérience
689,bas
690,clé
691,fer
692,unique
693,bâton
694,plat
695,vingt
696,peau
697,sourire
698,pli
699,trou
700,sauter
701,bébé
702,huit
703,village
704,se rencontrent
705,racine
706,acheter
707,augmenter
708,résoudre
709,métal
710,si
711,pousser
712,sept
713,paragraphe
714,troisième
715,doit
716,en attente
717,cheveux
718,décrire
719,cuisinier
720,étage
721,chaque
722,résultat
723,brûler
724,colline
725,coffre-fort
726,chat
727,siècle
728,envisager
729,type
730,droit
731,peu
732,côte
733,copie
734,phrase
735,silencieux
736,haut
737,sable
738,sol
739,rouleau
740,température
741,doigt
742,industrie
743,valeur
744,lutte
745,mensonge
746,battre
747,exciter
748,naturel
749,vue
750,sens
751,capital
752,ne sera pas
753,chaise
754,danger
755,fruit
756,riche
757,épais
758,soldat
759,processus
760,fonctionner
761,pratique
762,séparé
763,difficile
764,médecin
765,s’il vous plaît
766,protéger
767,midi
768,récolte
769,moderne
770,élément
771,frapper
772,étudiant
773,coin
774,partie
775,alimentation
776,dont
777,localiser
778,anneau
779,caractère
780,insecte
781,pris
782,période
783,indiquer
784,radio
785,rayon
786,atome
787,humain
788,histoire
789,effet
790,électrique
791,attendre
792,os
793,rail
794,imaginer
795,fournir
796,se mettre d’accord
797,ainsi
798,doux
799,femme
800,capitaine
801,deviner
802,nécessaire
803,net
804,aile
805,créer
806,voisin
807,lavage
808,chauve-souris
809,plutôt
810,foule
811,blé
812,comparer
813,poème
814,chaîne
815,cloche
816,dépendre
817,viande
818,rub
819,tube
820,célèbre
921,dollar
822,courant
823,peur
284,vue
825,mince
826,triangle
827,planète
828,se dépêcher
829,chef
830,colonie
831,horloge
832,mine
833,lien
834,entrer
835,majeur
836,frais
837,recherche
838,envoyer
839,jaune
840,pistolet
841,permettre
842,impression
843,mort
844,place
845,désert
846,costume
847,courant
848,ascenseur
840,rose
850,arriver
851,maître
852,piste
853,mère
854,rivage
855,division
856,feuille
857,substance
858,favoriser
859,relier
860,poste
861,passer
862,corde
863,graisse
864,heureux
865,original
866,part
867,station
868,papa
869,pain
870,charger
871,propre
872,bar
873,proposition
874,segment
875,esclave
876,canard
877,instant
878,marché
879,degré
880,peupler
881,poussin
882,cher
883,ennemi
884,répondre
885,boisson
886,se produire
887,support
888,discours
889,nature
890,gamme
891,vapeur
892,mouvement
893,chemin
894,liquide
895,enregistrer
896,signifiait
897,quotient
898,dents
899,coquille
900,cou
901,oxygène
902,sucre
903,décès
904,assez
905,compétence
906,femmes
907,saison
908,solution
909,aimant
910,argent
911,merci
912,branche
913,rencontre
914,suffixe
915,particulièrement
916,figue
917,peur
918,énorme
919,sœur
920,acier
921,discuter
922,avant
923,similaire
924,guider
925,expérience
926,score
927,pomme
928,acheté
929,LED
930,pas
931,manteau
932,masse
933,carte
934,bande
935,corde
936,glissement
937,gagner
938,rêver
939,soirée
940,condition
941,alimentation
942,outil
943,total
944,de base
945,odeur
946,vallée
947,ni
948,double
949,siège
950,continuer
951,bloc
952,graphique
953,chapeau
954,vendre
955,succès
956,entreprise
957,soustraire
958,événement
959,particulier
960,accord
961,baignade
962,terme
963,opposé
964,femme
965,chaussure
966,épaule
967,propagation
968,organiser
969,camp
970,inventer
971,coton
972,né
973,déterminer
974,litre
975,neuf
976,camion
977,bruit
978,niveau
979,chance
980,recueillir
981,boutique
982,tronçon
983,jeter
984,éclat
985,propriété
986,colonne
987,molécule
988,sélectionner
989,mal
990,gris
991,répétition
992,exiger
993,large
994,préparer
995,sel
996,nez
997,pluriel
998,colère
999,revendication
1000,continent
